round,test_accuracy,test_macro_f1,test_loss,attack_accuracy,vehicles_in_coverage,authenticated,auth_rejected,auth_rejections,selected,delivered,accepted,dropouts,dropout_rate,anomalies,malicious_selected,malicious_accepted,mean_reward,availability_brier,upload_bytes,compute_seconds,bs_participants,pseudonyms_issued,revoked_identities,chain_height,chain_valid,replicas_consistent,v2i_bytes,broadcast_bytes,i2i_bytes,train_wall_s,security_ledger_wall_s,round_wall_s,model_sha256,private_val_accuracy
1,0.7371819019317627,0.18856063157525874,1.383641242980957,0.6200000047683716,28,20,3,"{""key_mismatch"": 2, ""unregistered"": 1}",14,12,12,2,0.14285714285714285,0,1,0,12.674582384305216,0.08737018852073439,270488.0,390.2707170448088,12,90,0,2,True,True,308008.0,472110.0,177750.0,3.07936730000074,10.52590649999911,19.81590750000032,a58a9fedb69dc51e626b1ad05f42a6049efeea31f1b3e9c689c0396aac7f2ea3,0.8584226348570415
2,0.7719331383705139,0.3045159827315566,1.2001086473464966,0.7020000219345093,18,11,5,"{""key_mismatch"": 1, ""replay"": 2, ""unregistered"": 2}",10,8,8,2,0.2,0,1,0,-1.188620133997417,0.43103723051174825,208800.0,326.6002120766696,8,0,0,3,True,True,539771.0,944220.0,356729.0,1.937651600001118,0.6031891000020551,6.166365700002643,e94adf0b27ca30e5d164a8515a2ecda094253bd6c877f5d687874d67c7d34f42,0.8493459761142731
3,0.7912077307701111,0.34221764025349205,1.0900111198425293,0.7080000042915344,20,16,5,"{""key_mismatch"": 2, ""replay"": 1, ""unregistered"": 2}",8,5,5,3,0.375,0,2,0,-0.6686664676245331,0.17650231111703749,178110.0,283.194671558578,5,0,0,4,True,True,744921.0,1416330.0,536319.0,1.5243572999934258,0.6274321000018972,5.41676870000083,9a98f9c194f94a862eae1e58543f7a9bace7e2eb91c7e9c653ab78ec4b5f333e,0.8622999116778374
4,0.793106734752655,0.4386311685381837,1.0281528234481812,0.8059999942779541,14,10,5,"{""expired"": 2, ""key_mismatch"": 2, ""unregistered"": 1}",7,4,4,3,0.42857142857142855,0,0,0,-0.9566614617055613,0.28417562026490845,112548.0,383.11095135877326,4,90,0,6,True,True,876305.0,1888440.0,714069.0,1.4875719000046956,13.10042340000291,17.297046800002136,c7ebfdf8c5c1d69d40d3b57d675f3ab27c7631963138d34278e09105eb756877,0.8270674092429025
5,0.8185529708862305,0.42425903273923615,0.9640170931816101,0.7760000228881836,16,13,5,"{""expired"": 1, ""key_mismatch"": 1, ""replay"": 1, ""unregistered"": 2}",10,10,10,0,0.0,0,0,0,-0.7489208110254122,0.1694161190920307,252340.0,278.61830804338854,10,0,0,7,True,True,1154002.0,2360550.0,891819.0,1.8076294000020425,0.6559372000010626,5.9662954000014,0c60d8f2cc184a8155cfc1ce67fc74821a18076a3189138759ecc2d60fe58248,0.8607453286647797
6,0.8190277218818665,0.4261065275304263,0.9583209156990051,0.777999997138977,16,12,5,"{""key_mismatch"": 2, ""replay"": 1, ""unregistered"": 2}",11,5,5,6,0.5454545454545454,0,0,0,-1.5126484577628443,0.07357255066335068,135244.0,461.5110524625951,5,0,0,8,True,True,1314384.0,2832660.0,1070177.0,1.8862706999971124,0.7195283999972162,5.747768199998973,1b70a8d9a10438809bffd584ff626b7e38c3d33254c513fb3694eff0268363a2,0.8575463403354991
7,0.8183630704879761,0.4058451324623417,0.9162477850914001,0.7599999904632568,16,12,5,"{""expired"": 2, ""key_mismatch"": 2, ""unregistered"": 1}",7,6,6,1,0.14285714285714285,0,0,0,-0.8434991846574669,0.02555811598461463,135244.0,177.7337410987444,6,90,0,10,True,True,1470886.0,3304770.0,1247927.0,1.4732722000007925,14.108764099997643,18.9584145000008,caeac2f768a947a0b3ce5d650a366fec040d73ee1cf63468e891f56e2294db04,0.7488317617348262
8,0.8180782198905945,0.40602624340329463,0.9085230231285095,0.7620000243186951,21,16,5,"{""expired"": 1, ""key_mismatch"": 1, ""replay"": 1, ""unregistered"": 2}",13,10,9,3,0.23076923076923078,1,1,0,-0.9857397481228863,0.05347935482812943,171540.0,384.6915547355816,9,0,0,11,True,True,1674332.0,3776880.0,1426287.0,2.114041000000725,0.7008815999979561,6.673021999999037,ec081cdf6e9d08c6be4501a209bee3bb2a8e4ffb49d83903016ad0fa92a32b69,0.8188029298415551
9,0.8179832696914673,0.4056160690607096,0.9082353115081787,0.7639999985694885,25,20,5,"{""key_mismatch"": 2, ""replay"": 1, ""unregistered"": 2}",17,15,13,2,0.11764705882352941,2,2,0,-1.7159684334425602,0.10858878214472485,245770.0,532.6655542727706,13,0,0,12,True,True,1960688.0,4248990.0,1604644.0,2.9461095000006026,0.7055003999994369,8.139710199997353,39463f5ecdec8a9b542d14468ce7dc1b4a13a058e90be3e96bc5770e7cc63e7f,0.8327459482585683
10,0.8205469250679016,0.417855123203889,0.9009416699409485,0.7799999713897705,21,14,5,"{""expired"": 2, ""key_mismatch"": 2, ""unregistered"": 1}",8,7,7,1,0.125,0,0,0,-0.9937051251632105,0.11024442136473518,219421.0,236.94952472732456,7,90,0,14,True,True,2204789.0,4721110.0,1782399.0,1.4269822999995085,11.706152900002053,16.233646900000167,5d5ab1103330b842b1e40a0b7c7c895a6ffbac24f82dfc87c51abd1a6b3a7730,0.77568444237113
11,0.819787323474884,0.4190328284129039,0.8917616605758667,0.7879999876022339,21,15,5,"{""key_mismatch"": 1, ""replay"": 2, ""unregistered"": 2}",8,6,6,2,0.25,0,0,0,-1.105692622071612,0.08331923691434308,133022.0,227.31999189084655,6,0,0,15,True,True,2363733.0,5193230.0,1961398.0,1.7316588000030606,0.5613722999987658,5.2177277999981015,818071deacb59a2f658f16945244ddee6eaef385324181df0a81b562ff0a1389,0.8771873712539673
12,0.8179832696914673,0.4053794784497893,0.8874414563179016,0.7620000243186951,18,13,5,"{""key_mismatch"": 2, ""unregistered"": 2, ""wrong_recipient"": 1}",8,6,6,2,0.25,0,0,0,-0.7835784967555947,0.18098057017862357,128398.0,249.94857249808794,6,0,0,16,True,True,2515645.0,5665350.0,2140405.0,1.4255757000028098,0.5780711999977939,4.927537100000336,34095857313b7d352e443123d6de8989631cfbdc9961ecda8a803d34b4d6da97,0.8739569261670113
