round,rsu,beacons,authenticated,auth_rejections,belief_handovers,candidates,selected,delivered,dropouts,anomalies,accepted,action,reward,reward_terms,val_accuracy_before,val_accuracy_after,aggregation_step,mean_q_selected,mean_psi_selected,brier,upload_bytes,compute_seconds,xi,epsilon,malicious_selected,malicious_accepted
1,RSU_0,4,3,"{""key_mismatch"": 1}",0,3,2,1,"{""left_coverage"": 1}",0,1,"{""aggregation"": ""data"", ""compression"": ""none"", ""local_epochs"": 2, ""psi_threshold"": 0.02}",12.81932854790586,"{""comm"": 0.5937, ""comp"": 0.21522374158687385, ""delta_accuracy"": 0.6939999908208847, ""divergence"": 0.0, ""dropout"": 0.8179941460357725}",0.052000001072883606,0.7459999918937683,1.0,0.5910029269821138,0.06402545468751279,0.7331316529045745,35622.0,86.08949663474954,"[1.0, 1.0, 1.0, 1.0]",0.5,0,0
1,RSU_1,5,5,{},0,5,2,1,"{""disconnected"": 1}",0,1,"{""aggregation"": ""data"", ""compression"": ""none"", ""local_epochs"": 2, ""psi_threshold"": 0.02}",11.909488803702551,"{""comm"": 0.5937, ""comp"": 0.14700955629285958, ""delta_accuracy"": 0.6546666733920574, ""divergence"": 0.0, ""dropout"": 0.9616317972507388}",0.05000000074505806,0.7046666741371155,0.5,0.5191841013746307,0.055756173269075254,0.6357862924365882,35622.0,58.80382251714383,"[1.0, 1.0, 1.0, 1.0]",0.5,0,0
1,RSU_2,7,6,"{""unregistered"": 1}",0,6,2,0,"{""deadline"": 2}",0,0,"{""aggregation"": ""data"", ""compression"": ""none"", ""local_epochs"": 2, ""psi_threshold"": 0.02}",-2.1462697289663253,"{""comm"": 0.0, ""comp"": 0.4875657632210839, ""delta_accuracy"": 0.0, ""divergence"": 0.0, ""dropout"": 2.0}",0.05133333429694176,0.05133333429694176,1.0,0.0,1.0924603692115952e-07,0.0,0.0,195.02630528843358,"[1.0, 1.0, 1.0, 1.0]",0.5,0,0
1,RSU_3,4,3,"{""key_mismatch"": 1}",0,3,2,1,"{""deadline"": 1}",0,1,"{""aggregation"": ""data"", ""compression"": ""none"", ""local_epochs"": 2, ""psi_threshold"": 0.02}",13.521842484702994,"{""comm"": 0.5937, ""comp"": 0.3694648063030743, ""delta_accuracy"": 0.7419999837875366, ""divergence"": 0.0, ""dropout"": 1.0292077491568152}",0.04933333396911621,0.7913333177566528,1.0,0.48539612542159233,0.05383307472563228,0.019183363438893934,35622.0,147.78592252122974,"[1.0, 1.0, 1.0, 1.0]",0.5,0,0
1,RSU_4,3,3,{},0,3,2,1,"{""left_coverage"": 1}",0,1,"{""aggregation"": ""data"", ""compression"": ""none"", ""local_epochs"": 2, ""psi_threshold"": 0.02}",13.51027204985139,"{""comm"": 0.5937, ""comp"": 0.19650816592554013, ""delta_accuracy"": 0.7360000051558018, ""divergence"": 0.0, ""dropout"": 0.9726656034869842}",0.04600000008940697,0.7820000052452087,1.0,0.5136671982565079,0.054307886146456874,0.028438946601343454,35622.0,78.60326637021605,"[1.0, 1.0, 1.0, 1.0]",0.5,0,0
2,RSU_0,6,5,"{""replay"": 1}",1,5,2,1,"{""deadline"": 1}",0,1,"{""aggregation"": ""data"", ""compression"": ""none"", ""local_epochs"": 2, ""psi_threshold"": 0.02}",-2.2591338099456584,"{""comm"": 0.5937, ""comp"": 0.3707351411884842, ""delta_accuracy"": -0.018000006675720215, ""divergence"": 0.0, ""dropout"": 1.6098031340747088}",0.7793333530426025,0.7613333463668823,0.25,0.1950984329626456,0.017301557874344918,0.18592993116366863,35622.0,148.2940564753937,"[1.0, 1.0, 1.0, 1.0]",0.5,0,0
2,RSU_1,6,5,"{""unregistered"": 1}",0,5,2,2,{},0,2,"{""aggregation"": ""data"", ""compression"": ""none"", ""local_epochs"": 2, ""psi_threshold"": 0.02}",-0.860475909491691,"{""comm"": 1.1874, ""comp"": 0.2086690564118627, ""delta_accuracy"": 0.0059999823570251465, ""divergence"": 0.8026145283784225, ""dropout"": 0.3208704811951083}",0.7726666927337646,0.7786666750907898,0.5,0.8395647594024458,0.085587979989743,0.038389857881743324,71244.0,83.46762256474508,"[1.0, 1.0, 1.0, 1.0]",0.5,0,0
2,RSU_2,3,2,"{""key_mismatch"": 1}",0,2,2,0,"{""deadline"": 1, ""disconnected"": 1}",0,0,"{""aggregation"": ""data"", ""compression"": ""none"", ""local_epochs"": 2, ""psi_threshold"": 0.02}",-2.2024799288558476,"{""comm"": 0.0, ""comp"": 0.6749330961861593, ""delta_accuracy"": 0.0, ""divergence"": 0.0, ""dropout"": 2.0}",0.8006666898727417,0.8006666898727417,1.0,0.0,1.2382850368290095e-07,0.0,0.0,269.9732384744637,"[1.0, 1.0, 1.0, 1.0]",0.5,0,0
2,RSU_3,3,2,"{""replay"": 1}",0,2,2,2,{},0,2,"{""aggregation"": ""data"", ""compression"": ""none"", ""local_epochs"": 2, ""psi_threshold"": 0.02}",-2.1205680100365942,"{""comm"": 1.1874, ""comp"": 0.28746637663000174, ""delta_accuracy"": 0.001999974250793457, ""divergence"": 0.7219477885346441, ""dropout"": 1.5015232455030696}",0.7760000228881836,0.777999997138977,0.5,0.24923837724846526,0.02938565902381493,0.5746871802269746,71244.0,114.98655065200069,"[1.0, 1.0, 1.0, 1.0]",0.5,0,0
2,RSU_4,3,2,"{""unregistered"": 1}",0,2,2,1,"{""deadline"": 1}",0,1,"{""aggregation"": ""data"", ""compression"": ""none"", ""local_epochs"": 2, ""psi_threshold"": 0.02}",-2.7097688324054534,"{""comm"": 0.5937, ""comp"": 0.4036496924147097, ""delta_accuracy"": -0.02066671848297119, ""divergence"": 0.0, ""dropout"": 1.9972295550216166}",0.7940000295639038,0.7733333110809326,1.0,0.0013852224891917771,0.00015369910660906392,0.4972333927043056,35622.0,161.4598769658839,"[1.0, 1.0, 1.0, 1.0]",0.5,0,0
3,RSU_0,1,0,"{""unregistered"": 1}",0,0,0,0,{},0,0,{},0.0,{},0.0,0.0,1.0,0.0,0.0,,0.0,0.0,[],0.0,0,0
3,RSU_1,6,5,"{""key_mismatch"": 1}",2,5,2,1,"{""left_coverage"": 1}",0,1,"{""aggregation"": ""data"", ""compression"": ""none"", ""local_epochs"": 2, ""psi_threshold"": 0.02}",-2.353181736283744,"{""comm"": 0.5937, ""comp"": 0.2590142954455269, ""delta_accuracy"": -0.031333327293395996, ""divergence"": 0.0, ""dropout"": 1.470700901782166}",0.7773333191871643,0.7459999918937683,1.0,0.264649549108917,0.04214759637708741,0.4662709003073385,35622.0,103.60571817821076,"[1.0, 1.0, 1.0, 1.0]",0.5,0,0
3,RSU_2,3,2,"{""replay"": 1}",0,2,2,0,"{""deadline"": 1, ""left_coverage"": 1}",0,0,"{""aggregation"": ""data"", ""compression"": ""none"", ""local_epochs"": 2, ""psi_threshold"": 0.02}",-1.8911258310264438,"{""comm"": 0.0, ""comp"": 0.5219439274255425, ""delta_accuracy"": 0.0, ""divergence"": 0.0, ""dropout"": 1.734542652798781}",0.8113333582878113,0.8113333582878113,1.0,0.13272867360060947,0.020337149379599906,0.03523380159155425,0.0,208.77757097021703,"[1.0, 1.0, 1.0, 1.0]",0.5,0,0
3,RSU_3,2,1,"{""unregistered"": 1}",0,1,1,1,{},0,1,"{""aggregation"": ""data"", ""compression"": ""none"", ""local_epochs"": 2, ""psi_threshold"": 0.02}",-0.49541240306592266,"{""comm"": 0.5937, ""comp"": 0.122202079080545, ""delta_accuracy"": 0.0, ""divergence"": 0.0, ""dropout"": 0.28064177934175916}",0.7860000133514404,0.7860000133514404,0.0,0.7193582206582408,0.07919934041504958,0.07875980831210863,35622.0,48.880831632218005,"[1.0, 1.0, 1.0, 1.0]",0.5,0,0
3,RSU_4,4,3,"{""key_mismatch"": 1}",1,3,2,1,"{""deadline"": 1}",0,1,"{""aggregation"": ""data"", ""compression"": ""none"", ""local_epochs"": 2, ""psi_threshold"": 0.02}",-1.7159113093214362,"{""comm"": 0.5937, ""comp"": 0.4365006941880026, ""delta_accuracy"": 0.0, ""divergence"": 0.0, ""dropout"": 1.4068511010650355}",0.8053333163261414,0.8053333163261414,0.0,0.29657444946748224,0.0482256364100864,0.08276390921891588,35622.0,174.60027767520103,"[1.0, 1.0, 1.0, 1.0]",0.5,0,0
4,RSU_0,3,2,"{""key_mismatch"": 1}",0,2,2,0,"{""left_coverage"": 2}",0,0,"{""aggregation"": ""data"", ""compression"": ""none"", ""local_epochs"": 2, ""psi_threshold"": 0.02}",-1.393424673519814,"{""comm"": 0.0, ""comp"": 0.3001349768026845, ""delta_accuracy"": 0.0, ""divergence"": 0.0, ""dropout"": 1.3033841804790085}",0.7933333516120911,0.7933333516120911,1.0,0.34830790976049575,0.050166755183708105,0.18376512223842303,0.0,120.0539907210738,"[1.0, 1.0, 1.0, 1.0]",0.5,1,0
4,RSU_1,3,2,"{""expired"": 1}",0,2,2,1,"{""deadline"": 1}",0,1,"{""aggregation"": ""data"", ""compression"": ""none"", ""local_epochs"": 2, ""psi_threshold"": 0.02}",-3.2282506407543075,"{""comm"": 0.5937, ""comp"": 0.5039884395529748, ""delta_accuracy"": -0.04666668176651001, ""divergence"": 0.0, ""dropout"": 1.9656104735582147}",0.7820000052452087,0.7353333234786987,1.0,0.01719476322089265,0.0028085784482344243,0.4662017933226598,35622.0,201.59537582118992,"[1.0, 1.0, 1.0, 1.0]",0.5,0,0
4,RSU_2,3,2,"{""unregistered"": 1}",0,2,2,1,"{""deadline"": 1}",1,0,"{""aggregation"": ""data"", ""compression"": ""none"", ""local_epochs"": 2, ""psi_threshold"": 0.02}",-1.6202084756590538,"{""comm"": 0.5937, ""comp"": 0.3930869697706618, ""delta_accuracy"": 0.0, ""divergence"": 0.0, ""dropout"": 1.3241723847278553}",0.8146666884422302,0.8146666884422302,1.0,0.3379138076360724,0.0420099229028627,0.05254386751007226,35622.0,157.23478790826474,"[1.0, 1.0, 1.0, 1.0]",0.5,0,0
4,RSU_3,2,1,"{""key_mismatch"": 1}",0,1,1,0,"{""left_coverage"": 1}",0,0,"{""aggregation"": ""data"", ""compression"": ""none"", ""local_epochs"": 2, ""psi_threshold"": 0.02}",-1.0270963051400401,"{""comm"": 0.0, ""comp"": 0.14115123486401038, ""delta_accuracy"": 0.0, ""divergence"": 0.0, ""dropout"": 0.984750934680837}",0.7900000214576721,0.7900000214576721,1.0,0.015249065319163068,0.0025450255648307592,0.00023253399310810185,0.0,56.460493945604156,"[1.0, 1.0, 1.0, 1.0]",0.5,0,0
4,RSU_4,4,3,"{""expired"": 1}",0,3,2,1,"{""left_coverage"": 1}",0,1,"{""aggregation"": ""data"", ""compression"": ""none"", ""local_epochs"": 2, ""psi_threshold"": 0.02}",-1.4467671861075844,"{""comm"": 0.5937, ""comp"": 0.19359008729805635, ""delta_accuracy"": 0.0, ""divergence"": 0.0, ""dropout"": 1.2105801599181674}",0.8106666803359985,0.8106666803359985,0.0,0.3947099200409163,0.09834576984984159,0.023223984727513473,35622.0,77.43603491922254,"[1.0, 1.0, 1.0, 1.0]",0.5,0,0
5,RSU_0,2,1,"{""replay"": 1}",1,1,1,1,{},0,1,"{""aggregation"": ""data"", ""compression"": ""none"", ""local_epochs"": 2, ""psi_threshold"": 0.02}",-0.708301567155802,"{""comm"": 0.5937, ""comp"": 0.06761550209884841, ""delta_accuracy"": 0.0, ""divergence"": 0.0, ""dropout"": 0.5099069165261475}",0.7673333287239075,0.7673333287239075,0.0,0.4900930834738525,0.11105922605416842,0.26000506352120356,35622.0,27.046200839539363,"[1.0, 1.0, 1.0, 1.0]",0.5,0,0
5,RSU_1,3,2,"{""unregistered"": 1}",0,2,2,0,"{""deadline"": 1, ""left_coverage"": 1}",0,0,"{""aggregation"": ""data"", ""compression"": ""none"", ""local_epochs"": 2, ""psi_threshold"": 0.02}",-2.1023666031034316,"{""comm"": 0.0, ""comp"": 0.46507025373943295, ""delta_accuracy"": 0.0, ""divergence"": 0.0, ""dropout"": 1.9628455269816019}",0.7493333220481873,0.7493333220481873,1.0,0.018577236509199097,0.0028716124055461834,0.0006902274326374396,0.0,186.02810149577317,"[1.0, 1.0, 1.0, 1.0]",0.5,0,0
5,RSU_2,4,3,"{""key_mismatch"": 1}",0,3,2,1,"{""left_coverage"": 1}",0,1,"{""aggregation"": ""data"", ""compression"": ""none"", ""local_epochs"": 2, ""psi_threshold"": 0.02}",-0.5254759236575066,"{""comm"": 0.5937, ""comp"": 0.3134412434360442, ""delta_accuracy"": 0.04799997806549072, ""divergence"": 0.0, ""dropout"": 1.2133331119365078}",0.7853333353996277,0.8333333134651184,0.5,0.3933334440317461,0.04995877598877202,0.08195887652639634,35622.0,125.37649737441767,"[1.0, 1.0, 1.0, 1.0]",0.5,1,0
5,RSU_3,1,0,"{""expired"": 1}",0,0,0,0,{},0,0,{},0.0,{},0.0,0.0,1.0,0.0,0.0,,0.0,0.0,[],0.0,0,0
5,RSU_4,4,3,"{""unregistered"": 1}",1,3,2,2,{},0,2,"{""aggregation"": ""data"", ""compression"": ""none"", ""local_epochs"": 2, ""psi_threshold"": 0.02}",-0.22732567410501192,"{""comm"": 1.1874, ""comp"": 0.147282151359785, ""delta_accuracy"": 0.027333319187164307, ""divergence"": 0.5732372831749257, ""dropout"": 0.20161622748788488}",0.7826666831970215,0.8100000023841858,0.25,0.8991918862560575,0.12106880035832829,0.011148478909272858,71244.0,58.91286054391401,"[1.0, 1.0, 1.0, 1.0]",0.5,0,0
6,RSU_0,1,0,"{""unregistered"": 1}",0,0,0,0,{},0,0,{},0.0,{},0.0,0.0,1.0,0.0,0.0,,0.0,0.0,[],0.0,0,0
6,RSU_1,2,1,"{""key_mismatch"": 1}",0,1,1,0,"{""deadline"": 1}",0,0,"{""aggregation"": ""data"", ""compression"": ""none"", ""local_epochs"": 2, ""psi_threshold"": 0.02}",-1.0929005461235195,"{""comm"": 0.0, ""comp"": 0.3096684870783984, ""delta_accuracy"": 0.0, ""divergence"": 0.0, ""dropout"": 1.0}",0.7839999794960022,0.7839999794960022,1.0,0.0,1.449714920459639e-07,0.0,0.0,123.86739483135936,"[1.0, 1.0, 1.0, 1.0]",0.5,0,0
6,RSU_2,3,2,"{""replay"": 1}",0,2,2,2,{},1,1,"{""aggregation"": ""data"", ""compression"": ""none"", ""local_epochs"": 2, ""psi_threshold"": 0.02}",-1.9956474290129966,"{""comm"": 1.1874, ""comp"": 0.19806569375724747, ""delta_accuracy"": 0.0020000338554382324, ""divergence"": 0.0, ""dropout"": 1.620008397994587}",0.8233333230018616,0.8253333568572998,0.25,0.18999580100270647,0.03925299026286526,0.6662649279504707,71244.0,79.226277502899,"[1.0, 1.0, 1.0, 1.0]",0.5,1,0
6,RSU_3,1,0,"{""unregistered"": 1}",0,0,0,0,{},0,0,{},0.0,{},0.0,0.0,1.0,0.0,0.0,,0.0,0.0,[],0.0,0,0
6,RSU_4,2,1,"{""key_mismatch"": 1}",0,1,1,0,"{""channel"": 1}",0,0,"{""aggregation"": ""data"", ""compression"": ""none"", ""local_epochs"": 2, ""psi_threshold"": 0.02}",-0.39597033416997074,"{""comm"": 0.5937, ""comp"": 0.15374501595833598, ""delta_accuracy"": 0.0, ""divergence"": 0.0, ""dropout"": 0.17173682938246992}",0.8133333325386047,0.8133333325386047,1.0,0.8282631706175301,0.12386619769088726,0.6860198798014038,35622.0,61.49800638333439,"[1.0, 1.0, 1.0, 1.0]",0.5,0,0
7,RSU_0,3,2,"{""key_mismatch"": 1}",0,2,2,2,{},0,2,"{""aggregation"": ""data"", ""compression"": ""none"", ""local_epochs"": 2, ""psi_threshold"": 0.02}",-1.3547197686634955,"{""comm"": 1.1874, ""comp"": 0.2552048341609624, ""delta_accuracy"": 0.0, ""divergence"": 0.7435221972831195, ""dropout"": 0.698881659230271}",0.8013333082199097,0.8013333082199097,0.25,0.6505591703848645,0.09785249716048809,0.12284257393477568,71244.0,102.08193366438496,"[1.0, 1.0, 1.0, 1.0]",0.5,0,0
7,RSU_1,4,3,"{""expired"": 1}",0,3,2,2,{},0,2,"{""aggregation"": ""data"", ""compression"": ""none"", ""local_epochs"": 2, ""psi_threshold"": 0.02}",-2.046543898080253,"{""comm"": 1.1874, ""comp"": 0.2744752865496489, ""delta_accuracy"": -0.01066666841506958, ""divergence"": 0.7476524318970716, ""dropout"": 1.1703522142448453}",0.7913333177566528,0.7806666493415833,0.5,0.41482389287757737,0.093062940949535,0.4483090693955669,71244.0,109.79011461985957,"[1.0, 1.0, 1.0, 1.0]",0.5,0,0
7,RSU_2,4,3,"{""unregistered"": 1}",0,3,2,0,"{""left_coverage"": 2}",0,0,"{""aggregation"": ""data"", ""compression"": ""none"", ""local_epochs"": 2, ""psi_threshold"": 0.02}",-1.7449629226407006,"{""comm"": 0.0, ""comp"": 0.3037931552121891, ""delta_accuracy"": 0.0, ""divergence"": 0.0, ""dropout"": 1.6538249760770438}",0.8253333568572998,0.8253333568572998,1.0,0.173087511961478,0.01797596139558146,0.03391696573464266,0.0,121.51726208487563,"[1.0, 1.0, 1.0, 1.0]",0.5,1,0
7,RSU_3,2,1,"{""key_mismatch"": 1}",0,1,1,0,"{""left_coverage"": 1}",0,0,"{""aggregation"": ""data"", ""compression"": ""none"", ""local_epochs"": 2, ""psi_threshold"": 0.02}",-0.6003813907467983,"{""comm"": 0.0, ""comp"": 0.08044783079085345, ""delta_accuracy"": 0.0, ""divergence"": 0.0, ""dropout"": 0.5762470415095423}",0.8046666383743286,0.8046666383743286,1.0,0.4237529584904577,0.06590316740759755,0.17956656982941555,0.0,32.17913231634138,"[1.0, 1.0, 1.0, 1.0]",0.5,0,0
7,RSU_4,3,2,"{""expired"": 1}",0,2,2,2,{},1,1,"{""aggregation"": ""data"", ""compression"": ""none"", ""local_epochs"": 2, ""psi_threshold"": 0.02}",-1.5726595425687322,"{""comm"": 1.1874, ""comp"": 0.26946842118417424, ""delta_accuracy"": 0.0, ""divergence"": 0.0, ""dropout"": 1.13559901621348}",0.8186666369438171,0.8186666369438171,0.0,0.43220049189326004,0.06356394188962222,0.39642238385499784,71244.0,107.78736847366969,"[1.0, 1.0, 1.0, 1.0]",0.5,1,0
8,RSU_0,3,2,"{""replay"": 1}",0,2,2,1,"{""left_coverage"": 1}",0,1,"{""aggregation"": ""data"", ""compression"": ""none"", ""local_epochs"": 2, ""psi_threshold"": 0.02}",-2.0528907351293526,"{""comm"": 0.5937, ""comp"": 0.21299600432773982, ""delta_accuracy"": -0.029333293437957764, ""divergence"": 0.0, ""dropout"": 1.2242160650718756}",0.7986666560173035,0.7693333625793457,1.0,0.3878919674640622,0.05820798178930122,0.1261378018500912,35622.0,85.19840173109593,"[1.0, 1.0, 1.0, 1.0]",0.5,0,0
8,RSU_1,4,3,"{""unregistered"": 1}",0,3,2,0,"{""left_coverage"": 2}",0,0,"{""aggregation"": ""data"", ""compression"": ""none"", ""local_epochs"": 2, ""psi_threshold"": 0.02}",-1.6351114981512438,"{""comm"": 0.0, ""comp"": 0.1992763713936885, ""delta_accuracy"": 0.0, ""divergence"": 0.0, ""dropout"": 1.5753285867331372}",0.7893333435058594,0.7893333435058594,1.0,0.21233570663343143,0.040376546808628594,0.047417147710361957,0.0,79.7105485574754,"[1.0, 1.0, 1.0, 1.0]",0.5,0,0
8,RSU_2,2,1,"{""key_mismatch"": 1}",0,1,1,0,"{""left_coverage"": 1}",0,0,"{""aggregation"": ""data"", ""compression"": ""none"", ""local_epochs"": 2, ""psi_threshold"": 0.02}",-0.6492897815791268,"{""comm"": 0.0, ""comp"": 0.08857028396055709, ""delta_accuracy"": 0.0, ""divergence"": 0.0, ""dropout"": 0.6227186963909597}",0.8240000009536743,0.8240000009536743,1.0,0.37728130360904033,0.018558559264647095,0.14234118205293686,0.0,35.428113584222835,"[1.0, 1.0, 1.0, 1.0]",0.5,1,0
8,RSU_3,3,2,"{""replay"": 1}",0,2,2,0,"{""deadline"": 1, ""left_coverage"": 1}",0,0,"{""aggregation"": ""data"", ""compression"": ""none"", ""local_epochs"": 2, ""psi_threshold"": 0.02}",-1.307949144753822,"{""comm"": 0.0, ""comp"": 0.41156920684611054, ""delta_accuracy"": 0.0, ""divergence"": 0.0, ""dropout"": 1.184478382699989}",0.8019999861717224,0.8019999861717224,1.0,0.4077608086500055,0.0599726946138396,0.33253775414181286,0.0,164.6276827384442,"[1.0, 1.0, 1.0, 1.0]",0.5,0,0
8,RSU_4,3,2,"{""unregistered"": 1}",0,2,2,2,{},1,1,"{""aggregation"": ""data"", ""compression"": ""none"", ""local_epochs"": 2, ""psi_threshold"": 0.02}",-2.1854156181890336,"{""comm"": 1.1874, ""comp"": 0.2937574573293532, ""delta_accuracy"": 0.0, ""divergence"": 0.0, ""dropout"": 1.7410683809902279}",0.8173333406448364,0.8173333406448364,0.0,0.1294658095048861,0.020511453657983333,0.7722976296203058,71244.0,117.50298293174129,"[1.0, 1.0, 1.0, 1.0]",0.5,1,0
9,RSU_0,3,2,"{""unregistered"": 1}",1,2,2,0,"{""deadline"": 1, ""left_coverage"": 1}",0,0,"{""aggregation"": ""data"", ""compression"": ""none"", ""local_epochs"": 2, ""psi_threshold"": 0.02}",-1.9082023566929673,"{""comm"": 0.0, ""comp"": 0.5843368045549133, ""delta_accuracy"": 0.0, ""divergence"": 0.0, ""dropout"": 1.7329013153264934}",0.8013333082199097,0.8013333082199097,1.0,0.13354934233675325,0.02150347138299104,0.03567085367715863,0.0,233.7347218219653,"[1.0, 1.0, 1.0, 1.0]",0.5,0,0
9,RSU_1,4,3,"{""key_mismatch"": 1}",1,3,2,0,"{""left_coverage"": 2}",0,0,"{""aggregation"": ""data"", ""compression"": ""none"", ""local_epochs"": 2, ""psi_threshold"": 0.02}",-1.807666002958981,"{""comm"": 0.0, ""comp"": 0.13207082817245108, ""delta_accuracy"": 0.0, ""divergence"": 0.0, ""dropout"": 1.7680447545072457}",0.7879999876022339,0.7879999876022339,1.0,0.11597762274637717,0.017762136001346414,0.02083351831223999,0.0,52.82833126898043,"[1.0, 1.0, 1.0, 1.0]",0.5,0,0
9,RSU_2,4,3,"{""replay"": 1}",1,3,2,0,"{""deadline"": 1, ""left_coverage"": 1}",0,0,"{""aggregation"": ""data"", ""compression"": ""none"", ""local_epochs"": 2, ""psi_threshold"": 0.02}",-1.5097210212456293,"{""comm"": 0.0, ""comp"": 0.3515426282186568, ""delta_accuracy"": 0.0, ""divergence"": 0.0, ""dropout"": 1.4042582327800324}",0.8193333148956299,0.8193333148956299,1.0,0.2978708836099838,0.04521477473231081,0.09562706861926215,0.0,140.61705128746271,"[1.0, 1.0, 1.0, 1.0]",0.5,0,0
9,RSU_3,1,0,"{""unregistered"": 1}",0,0,0,0,{},0,0,{},0.0,{},0.0,0.0,1.0,0.0,0.0,,0.0,0.0,[],0.0,0,0
9,RSU_4,4,3,"{""key_mismatch"": 1}",0,3,2,1,"{""left_coverage"": 1}",0,1,"{""aggregation"": ""data"", ""compression"": ""none"", ""local_epochs"": 2, ""psi_threshold"": 0.02}",-1.255945541620307,"{""comm"": 0.5937, ""comp"": 0.3070491231099024, ""delta_accuracy"": 0.0, ""divergence"": 0.0, ""dropout"": 0.9857208046873361}",0.8173333406448364,0.8173333406448364,0.0,0.5071395976563319,0.0970796530894801,0.0053577699445440195,35622.0,122.81964924396095,"[1.0, 1.0, 1.0, 1.0]",0.5,1,0
10,RSU_0,3,2,"{""key_mismatch"": 1}",0,2,2,1,"{""left_coverage"": 1}",0,1,"{""aggregation"": ""data"", ""compression"": ""none"", ""local_epochs"": 2, ""psi_threshold"": 0.02}",-1.3033346692092922,"{""comm"": 0.5937166666666667, ""comp"": 0.23908377090186483, ""delta_accuracy"": 0.0, ""divergence"": 0.0, ""dropout"": 1.0534945379387328}",0.8013333082199097,0.8013333082199097,0.0,0.4732527310306336,0.0516627550633958,0.12290455448392401,35623.0,95.63350836074594,"[1.0, 1.0, 1.0, 1.0]",0.5,1,0
10,RSU_1,3,2,"{""expired"": 1}",0,2,2,2,{},0,2,"{""aggregation"": ""data"", ""compression"": ""none"", ""local_epochs"": 2, ""psi_threshold"": 0.02}",-1.6383706114590142,"{""comm"": 1.1874333333333333, ""comp"": 0.3161149059196208, ""delta_accuracy"": 0.011333346366882324, ""divergence"": 1.303255568850444, ""dropout"": 1.0229963963656414}",0.7879999876022339,0.7993333339691162,0.5,0.4885018018171793,0.06602940328873222,0.41004111003126226,71246.0,126.44596236784832,"[1.0, 1.0, 1.0, 1.0]",0.5,0,0
10,RSU_2,3,2,"{""unregistered"": 1}",0,2,2,0,"{""deadline"": 1, ""left_coverage"": 1}",0,0,"{""aggregation"": ""data"", ""compression"": ""none"", ""local_epochs"": 2, ""psi_threshold"": 0.02}",-1.9459990349178486,"{""comm"": 0.0, ""comp"": 0.4796101119515999, ""delta_accuracy"": 0.0, ""divergence"": 0.0, ""dropout"": 1.8021160013323687}",0.8193333148956299,0.8193333148956299,1.0,0.09894199933381558,0.013141323673903893,0.019579038464345524,0.0,191.84404478063996,"[1.0, 1.0, 1.0, 1.0]",0.5,0,0
10,RSU_3,3,2,"{""key_mismatch"": 1}",0,2,2,1,"{""deadline"": 1}",0,1,"{""aggregation"": ""data"", ""compression"": ""none"", ""local_epochs"": 2, ""psi_threshold"": 0.02}",-1.5668323496386363,"{""comm"": 0.5937166666666667, ""comp"": 0.43417283007271884, ""delta_accuracy"": 0.0, ""divergence"": 0.0, ""dropout"": 1.2584655006168206}",0.7979999780654907,0.7979999780654907,0.0,0.37076724969158975,0.034792843864747174,0.03340220750455182,35623.0,173.66913202908754,"[1.0, 1.0, 1.0, 1.0]",0.5,0,0
10,RSU_4,2,1,"{""expired"": 1}",0,1,1,0,"{""left_coverage"": 1}",0,0,"{""aggregation"": ""data"", ""compression"": ""none"", ""local_epochs"": 2, ""psi_threshold"": 0.02}",-0.954348606205615,"{""comm"": 0.0, ""comp"": 0.18973074975634432, ""delta_accuracy"": 0.0, ""divergence"": 0.0, ""dropout"": 0.8974293812787117}",0.8173333406448364,0.8173333406448364,1.0,0.1025706187212883,0.01902002290264655,0.010520731824867896,0.0,75.89229990253773,"[1.0, 1.0, 1.0, 1.0]",0.5,0,0
11,RSU_0,1,0,"{""replay"": 1}",0,0,0,0,{},0,0,{},0.0,{},0.0,0.0,1.0,0.0,0.0,,0.0,0.0,[],0.0,0,0
11,RSU_1,6,5,"{""unregistered"": 1}",1,5,2,0,"{""deadline"": 1, ""left_coverage"": 1}",0,0,"{""aggregation"": ""data"", ""compression"": ""none"", ""local_epochs"": 2, ""psi_threshold"": 0.02}",-2.0868551363816414,"{""comm"": 0.0, ""comp"": 0.40500688416130953, ""delta_accuracy"": 0.0, ""divergence"": 0.0, ""dropout"": 1.9653530711332488}",0.7953333258628845,0.7953333258628845,1.0,0.01732346443337563,0.0024429840772365262,0.0003486964970293543,0.0,162.00275366452382,"[1.0, 1.0, 1.0, 1.0]",0.5,1,0
11,RSU_2,6,5,"{""key_mismatch"": 1}",0,5,2,2,{},0,2,"{""aggregation"": ""data"", ""compression"": ""none"", ""local_epochs"": 2, ""psi_threshold"": 0.02}",-1.48408502960078,"{""comm"": 1.1874333333333333, ""comp"": 0.2629453252551188, ""delta_accuracy"": -0.001999974250793457, ""divergence"": 0.6847635411004194, ""dropout"": 0.8035428846782494}",0.8346666693687439,0.8326666951179504,0.5,0.5982285576608753,0.09227756745777652,0.29606463067959443,71246.0,105.17813010204752,"[1.0, 1.0, 1.0, 1.0]",0.5,0,0
11,RSU_3,3,2,"{""replay"": 1}",0,2,2,1,"{""deadline"": 1}",0,1,"{""aggregation"": ""data"", ""compression"": ""none"", ""local_epochs"": 2, ""psi_threshold"": 0.02}",-1.5796936287025418,"{""comm"": 0.5937166666666667, ""comp"": 0.4218513108261323, ""delta_accuracy"": -0.006666660308837891, ""divergence"": 0.0, ""dropout"": 1.1416900292779442}",0.8100000023841858,0.8033333420753479,0.25,0.429154985361028,0.10511317864951075,0.01003803219839232,35623.0,168.74052433045293,"[1.0, 1.0, 1.0, 1.0]",0.5,0,0
11,RSU_4,2,1,"{""unregistered"": 1}",0,1,1,0,"{""left_coverage"": 1}",0,0,"{""aggregation"": ""data"", ""compression"": ""none"", ""local_epochs"": 2, ""psi_threshold"": 0.02}",-0.38724131653653177,"{""comm"": 0.0, ""comp"": 0.06610124499749019, ""delta_accuracy"": 0.0, ""divergence"": 0.0, ""dropout"": 0.3674109430372847}",0.8266666531562805,0.8266666531562805,1.0,0.6325890569627153,0.11620610829525083,0.40016891498897744,0.0,26.440497998996076,"[1.0, 1.0, 1.0, 1.0]",0.5,0,0
12,RSU_0,4,3,"{""unregistered"": 1}",0,3,2,1,"{""left_coverage"": 1}",1,0,"{""aggregation"": ""data"", ""compression"": ""none"", ""local_epochs"": 2, ""psi_threshold"": 0.02}",-1.8813404488126682,"{""comm"": 0.5937166666666667, ""comp"": 0.24915236649430586, ""delta_accuracy"": 0.0, ""divergence"": 0.0, ""dropout"": 1.6284797388643764}",0.8073333501815796,0.8073333501815796,1.0,0.1857601305678119,0.012128302481008497,0.2469704807281982,35623.0,99.66094659772234,"[1.0, 1.0, 1.0, 1.0]",0.5,1,0
12,RSU_1,5,4,"{""key_mismatch"": 1}",0,4,2,1,"{""left_coverage"": 1}",0,1,"{""aggregation"": ""data"", ""compression"": ""none"", ""local_epochs"": 2, ""psi_threshold"": 0.02}",-1.2644178569632394,"{""comm"": 0.5937166666666667, ""comp"": 0.1969254769234366, ""delta_accuracy"": 0.0, ""divergence"": 0.0, ""dropout"": 1.0272252138862084}",0.8013333082199097,0.8013333082199097,0.0,0.4863873930568959,0.04651782056567144,0.2977174916569584,35623.0,78.77019076937464,"[1.0, 1.0, 1.0, 1.0]",0.5,1,0
12,RSU_2,4,3,"{""replay"": 1}",0,3,2,1,"{""left_coverage"": 1}",0,1,"{""aggregation"": ""data"", ""compression"": ""none"", ""local_epochs"": 2, ""psi_threshold"": 0.02}",-1.9660550116139648,"{""comm"": 0.5937166666666667, ""comp"": 0.2900903625107088, ""delta_accuracy"": -0.011333286762237549, ""divergence"": 0.0, ""dropout"": 1.4742471676160012}",0.8399999737739563,0.8286666870117188,0.25,0.2628764161919994,0.015530066245411703,0.13167041818540628,35623.0,116.03614500428351,"[1.0, 1.0, 1.0, 1.0]",0.5,0,0
12,RSU_3,4,3,"{""unregistered"": 1}",0,3,2,2,{},0,2,"{""aggregation"": ""data"", ""compression"": ""none"", ""local_epochs"": 2, ""psi_threshold"": 0.02}",-1.5777303880854952,"{""comm"": 1.1874333333333333, ""comp"": 0.22758797814807807, ""delta_accuracy"": 0.0, ""divergence"": 0.659066722576281, ""dropout"": 0.9555039778681874}",0.8140000104904175,0.8140000104904175,0.0,0.5222480110659062,0.09976366474205872,0.29010291925573656,71246.0,91.03519125923123,"[1.0, 1.0, 1.0, 1.0]",0.5,0,0
12,RSU_4,4,3,"{""key_mismatch"": 1}",0,3,2,1,"{""disconnected"": 1}",0,1,"{""aggregation"": ""data"", ""compression"": ""none"", ""local_epochs"": 2, ""psi_threshold"": 0.02}",-1.0246795073878057,"{""comm"": 0.5937166666666667, ""comp"": 0.1780588164705855, ""delta_accuracy"": 0.0006666779518127441, ""divergence"": 0.0, ""dropout"": 0.8064804214828849}",0.828000009059906,0.8286666870117188,0.5,0.5967597892585575,0.08396530246784177,0.33283402034463483,35623.0,71.2235265882342,"[1.0, 1.0, 1.0, 1.0]",0.5,0,0
